Value,Count,EVT_NAME,LFRDB,EVT_FUEL,EVT_FUEL_N,EVT_LF,EVT_PHYS,EVT_GP,EVT_GP_N,SAF_SRM,EVT_ORDER,EVT_CLASS,EVT_SBCLS,R,G,B,RED,GREEN,BLUE
-9999,13246.00000000000,Fill-NoData,-9999,-9999,Fill-NoData,Fill-NoData,Fill-NoData,-9999,Fill-NoData,Fill-NoData,Fill-NoData,Fill-NoData,Fill-NoData,255,255,255,1.00000000000,1.00000000000,1.00000000000
7008,159.00000000000,North Pacific Oak Woodland,7008,2008,Tr North Pacific Oak Woodland,Tree,Hardwood,629,Western Oak Woodland and Savanna,SAF 233: Oregon White Oak,Tree-dominated,Open tree canopy,Deciduous open tree canopy,203,255,171,0.79607800000,1.00000000000,0.67058800000
7010,183.00000000000,Northern Rocky Mountain Western Larch Savanna,7010,2010,Tr Northern Rocky Mountain Western Larch Savanna,Tree,Conifer,644,Western Larch Forest and Woodland,SAF 212: Western Larch,Tree-dominated,Open tree canopy,Deciduous open tree canopy,180,255,148,0.70588200000,1.00000000000,0.58039200000
7011,72.00000000000,Rocky Mountain Aspen Forest and Woodland,7011,2011,Tr Rocky Mountain Aspen Forest and Woodland,Tree,Hardwood,602,"Aspen Forest, Woodland, and Parkland",SAF 217: Aspen,Tree-dominated,Open tree canopy,Deciduous open tree canopy,192,255,138,0.75294100000,1.00000000000,0.54117600000
7018,5166.00000000000,East Cascades Mesic Montane Mixed-Conifer Forest and Woodland,7018,2018,Tr East Cascades Mesic Montane Mixed-Conifer Forest and Woodland,Tree,Conifer,643,Douglas-fir-Grand Fir-White Fir Forest and Woodland,SAF 213: Grand Fir,Tree-dominated,Closed tree canopy,Evergreen closed tree canopy,96,255,71,0.37647100000,1.00000000000,0.27843100000
7035,355.00000000000,North Pacific Dry Douglas-fir-(Madrone) Forest and Woodland,7035,2035,Tr North Pacific Dry Douglas-fir(-Madrone) Forest and Woodland,Tree,Conifer,614,Douglas-fir Forest and Woodland,SAF 229: Pacific Douglas-Fir,Tree-dominated,Closed tree canopy,Evergreen closed tree canopy,0,130,0,0.00000000000,0.50980400000,0.00000000000
7036,5891.00000000000,North Pacific Seasonal Sitka Spruce Forest,7036,2036,Tr North Pacific Hypermaritime Seasonal Sitka Spruce Forest,Tree,Conifer,638,Sitka Spruce Forest,SAF 223: Sitka Spruce,Tree-dominated,Closed tree canopy,Evergreen closed tree canopy,0,117,0,0.00000000000,0.45882400000,0.00000000000
7037,10017.00000000000,North Pacific Maritime Dry-Mesic Douglas-fir-Western Hemlock Forest,7037,2037,Tr North Pacific Maritime Dry-Mesic Douglas-fir-Western Hemlock Forest,Tree,Conifer,615,Douglas-fir-Western Hemlock Forest and Woodland,SAF 230: Douglas-Fir-Western Hemlock,Tree-dominated,Closed tree canopy,Evergreen closed tree canopy,0,105,0,0.00000000000,0.41176500000,0.00000000000
7038,659.00000000000,North Pacific Maritime Mesic Subalpine Parkland,7038,2038,Tr North Pacific Maritime Mesic Subalpine Parkland,Tree,Conifer,627,Mountain Hemlock Forest and Woodland,SAF 205: Mountain Hemlock,Tree-dominated,Open tree canopy,Evergreen open tree canopy,0,92,0,0.00000000000,0.36078400000,0.00000000000
7039,6520.00000000000,North Pacific Maritime Mesic-Wet Douglas-fir-Western Hemlock Forest,7039,2039,Tr North Pacific Maritime Mesic-Wet Douglas-fir-Western Hemlock Forest,Tree,Conifer,615,Douglas-fir-Western Hemlock Forest and Woodland,SAF 230: Douglas-Fir-Western Hemlock,Tree-dominated,Closed tree canopy,Evergreen closed tree canopy,0,105,0,0.00000000000,0.41176500000,0.00000000000
7041,2604.00000000000,North Pacific Mountain Hemlock Forest,7041,2041,Tr North Pacific Mountain Hemlock Forest,Tree,Conifer,627,Mountain Hemlock Forest and Woodland,SAF 205: Mountain Hemlock,Tree-dominated,Closed tree canopy,Evergreen closed tree canopy,0,92,0,0.00000000000,0.36078400000,0.00000000000
7042,15534.00000000000,North Pacific Mesic Western Hemlock-Silver Fir Forest,7042,2042,Tr North Pacific Mesic Western Hemlock-Silver Fir Forest,Tree,Conifer,642,Western Hemlock-Silver Fir Forest,SAF 226: Coastal True Fir-Hemlock,Tree-dominated,Closed tree canopy,Evergreen closed tree canopy,0,71,0,0.00000000000,0.27843100000,0.00000000000
7045,16725.00000000000,Northern Rocky Mountain Dry-Mesic Montane Mixed Conifer Forest,7045,2045,Tr Northern Rocky Mountain Dry-Mesic Montane Mixed Conifer Forest,Tree,Conifer,625,Douglas-fir-Ponderosa Pine-Lodgepole Pine Forest and Woodland,SAF 210: Interior Douglas-Fir,Tree-dominated,Closed tree canopy,Evergreen closed tree canopy,0,51,0,0.00000000000,0.20000000000,0.00000000000
7046,903.00000000000,Northern Rocky Mountain Subalpine Woodland and Parkland,7046,2046,Tr Northern Rocky Mountain Subalpine Woodland and Parkland,Tree,Conifer,640,Subalpine Woodland and Parkland,SAF 208: Whitebark Pine,Tree-dominated,Open tree canopy,Evergreen open tree canopy,191,255,233,0.74902000000,1.00000000000,0.91372500000
7047,7084.00000000000,Northern Rocky Mountain Mesic Montane Mixed Conifer Forest,7047,2047,Tr Northern Rocky Mountain Mesic Montane Mixed Conifer Forest,Tree,Conifer,643,Douglas-fir-Grand Fir-White Fir Forest and Woodland,SAF 213: Grand Fir,Tree-dominated,Closed tree canopy,Evergreen closed tree canopy,96,255,71,0.37647100000,1.00000000000,0.27843100000
7050,921.00000000000,Rocky Mountain Lodgepole Pine Forest,7050,2050,Tr Rocky Mountain Lodgepole Pine Forest,Tree,Conifer,622,Lodgepole Pine Forest and Woodland,SAF 218: Lodgepole Pine,Tree-dominated,Closed tree canopy,Evergreen closed tree canopy,163,240,219,0.63921600000,0.94117600000,0.85882400000
7053,7088.00000000000,Northern Rocky Mountain Ponderosa Pine Woodland and Savanna,7053,2053,Tr Northern Rocky Mountain Ponderosa Pine Woodland and Savanna,Tree,Conifer,631,"Ponderosa Pine Forest, Woodland and Savanna",SAF 237: Interior Ponderosa Pine,Tree-dominated,Open tree canopy,Evergreen open tree canopy,214,255,181,0.83921600000,1.00000000000,0.70980400000
7055,1258.00000000000,Rocky Mountain Subalpine Dry-Mesic Spruce-Fir Forest and Woodland,7055,2055,Tr Rocky Mountain Subalpine Dry-Mesic Spruce-Fir Forest and Woodland,Tree,Conifer,639,Spruce-Fir Forest and Woodland,SAF 206: Engelmann Spruce-Subalpine Fir,Tree-dominated,Closed tree canopy,Evergreen closed tree canopy,236,252,204,0.92549000000,0.98823500000,0.80000000000
7056,3009.00000000000,Rocky Mountain Subalpine Mesic-Wet Spruce-Fir Forest and Woodland,7056,2056,Tr Rocky Mountain Subalpine Mesic-Wet Spruce-Fir Forest and Woodland,Tree,Conifer,639,Spruce-Fir Forest and Woodland,SAF 206: Engelmann Spruce-Subalpine Fir,Tree-dominated,Closed tree canopy,Evergreen closed tree canopy,236,252,204,0.92549000000,0.98823500000,0.80000000000
7060,708.00000000000,East Cascades Ponderosa Pine Forest and Woodland,7060,2060,Tr East Cascades Ponderosa Pine Forest and Woodland,Tree,Conifer,610,Conifer-Oak Forest and Woodland,SAF 237: Interior Ponderosa Pine,Tree-dominated,Open tree canopy,Evergreen open tree canopy,214,255,181,0.83921600000,1.00000000000,0.70980400000
7062,5.00000000000,Inter-Mountain Basins Curl-leaf Mountain Mahogany Woodland,7062,2062,Tr Inter-Mountain Basins Curl-leaf Mountain Mahogany Woodland and Shrubland,Tree,Conifer,628,Mountain Mahogany Woodland and Shrubland,SRM 415: Curlleaf Mountain-Mahogany,Tree-dominated,Open tree canopy,Evergreen open tree canopy,155,235,216,0.60784300000,0.92156900000,0.84705900000
7063,8402.00000000000,North Pacific Broadleaf Landslide Forest,7063,2063,Tr North Pacific Broadleaf Landslide Forest and Shrubland,Tree,Hardwood,632,Red Alder Forest and Woodland,SAF 221: Red Alder,Tree-dominated,Closed tree canopy,Deciduous closed tree canopy,146,232,215,0.57254900000,0.90980400000,0.84313700000
7065,2159.00000000000,Columbia Plateau Scabland Shrubland,7065,2065,Sh Columbia Plateau Scabland Shrubland,Shrub,Shrubland,613,Desert Scrub,SRM 106: Bluegrass Scabland,Shrub-dominated,Dwarf-shrubland,Evergreen dwarf-shrubland,199,176,129,0.78039200000,0.69019600000,0.50588200000
7068,429.00000000000,North Pacific Dry and Mesic Alpine Dwarf-Shrubland,7068,2068,Sh North Pacific Dry and Mesic Alpine Dwarf-Shrubland or Fell-field or Meadow,Shrub,Shrubland,601,"Alpine Dwarf-Shrubland, Fell-field and Meadow",SRM 108: Alpine Idaho Fescue,Shrub-dominated,Dwarf-shrubland,Mixed evergreen-deciduous dwarf-shrubland,181,156,114,0.70980400000,0.61176500000,0.44705900000
7069,47.00000000000,North Pacific Dry and Mesic Alpine Fell-field or Meadow,7068,2068,Sh North Pacific Dry and Mesic Alpine Dwarf-Shrubland or Fell-field or Meadow,Herb,Grassland,601,"Alpine Dwarf-Shrubland, Fell-field and Meadow",SRM 108: Alpine Idaho Fescue,Herbaceous / Nonvascular-dominated,Herbaceous - grassland,Perennial graminoid,181,156,114,0.70980400000,0.61176500000,0.44705900000
7080,6422.00000000000,Inter-Mountain Basins Big Sagebrush Shrubland,7080,2080,Sh Inter-Mountain Basins Big Sagebrush Shrubland,Shrub,Shrubland,604,Big Sagebrush Shrubland and Steppe,SRM 403: Wyoming Big Sagebrush,Shrub-dominated,Shrubland,Evergreen shrubland,130,101,72,0.50980400000,0.39607800000,0.28235300000
7083,113.00000000000,North Pacific Avalanche Chute Shrubland,7083,2083,Sh North Pacific Avalanche Chute Shrubland,Shrub,Shrubland,612,Deciduous Shrubland,LF 41: Deciduous Shrubland,Shrub-dominated,Shrubland,Mixed evergreen-deciduous shrubland,128,97,69,0.50196100000,0.38039200000,0.27058800000
7084,2809.00000000000,North Pacific Montane Shrubland,7084,2084,Sh North Pacific Montane Shrubland,Shrub,Shrubland,612,Deciduous Shrubland,LF 41: Deciduous Shrubland,Shrub-dominated,Shrubland,Mixed evergreen-deciduous shrubland,128,97,69,0.50196100000,0.38039200000,0.27058800000
7106,4362.00000000000,Northern Rocky Mountain Montane-Foothill Deciduous Shrubland,7106,2106,Sh Northern Rocky Mountain Montane-Foothill Deciduous Shrubland,Shrub,Shrubland,612,Deciduous Shrubland,SRM 421: Chokecherry-Serviceberry-Rose,Shrub-dominated,Shrubland,Mixed evergreen-deciduous shrubland,117,87,61,0.45882400000,0.34117600000,0.23921600000
7120,34.00000000000,Willamette Valley Upland Prairie,7120,2120,Tr Willamette Valley Upland Prairie and Savanna,Herb,Grassland,629,Western Oak Woodland and Savanna,SAF 233: Oregon White Oak,Herbaceous / Nonvascular-dominated,Herbaceous - grassland,Perennial graminoid,203,255,171,0.79607800000,1.00000000000,0.67058800000
7123,8081.00000000000,Columbia Plateau Steppe and Grassland,7123,2123,He Columbia Plateau Steppe and Grassland,Herb,Grassland,618,Grassland and Steppe,SRM 106: Bluegrass Scabland,Herbaceous / Nonvascular-dominated,Herbaceous - shrub-steppe,Perennial graminoid steppe,199,176,129,0.78039200000,0.69019600000,0.50588200000
7124,14.00000000000,Columbia Plateau Low Sagebrush Steppe,7124,2124,Sh Columbia Plateau Low Sagebrush Steppe,Shrub,Shrubland,623,Low Sagebrush Shrubland and Steppe,SRM 406: Low Sagebrush,Shrub-dominated,Shrubland,Mixed evergreen-deciduous shrubland,135,106,76,0.52941200000,0.41568600000,0.29803900000
7125,4189.00000000000,Inter-Mountain Basins Big Sagebrush Steppe,7125,2125,Sh Inter-Mountain Basins Big Sagebrush Steppe,Shrub,Shrubland,604,Big Sagebrush Shrubland and Steppe,SRM 314: Big Sagebrush-Bluebunch Wheatgrass,Shrub-dominated,Shrubland,Mixed evergreen-deciduous shrubland,230,151,41,0.90196100000,0.59215700000,0.16078400000
7126,410.00000000000,Inter-Mountain Basins Montane Sagebrush Steppe,7126,2126,Sh Inter-Mountain Basins Montane Sagebrush Steppe,Shrub,Shrubland,604,Big Sagebrush Shrubland and Steppe,SRM 402: Mountain Big Sagebrush,Shrub-dominated,Shrubland,Mixed evergreen-deciduous shrubland,219,140,37,0.85882400000,0.54902000000,0.14509800000
7127,174.00000000000,Inter-Mountain Basins Semi-Desert Shrub-Steppe,7127,2127,Sh Inter-Mountain Basins Semi-Desert Shrub-Steppe,Shrub,Shrubland,613,Desert Scrub,SRM 403: Wyoming Big Sagebrush,Shrub-dominated,Shrubland,Mixed evergreen-deciduous shrubland,130,101,72,0.50980400000,0.39607800000,0.28235300000
7134,4741.00000000000,Columbia Basin Foothill and Canyon Dry Grassland,7134,2134,He Columbia Basin Foothill and Canyon Dry Grassland,Herb,Grassland,617,Grassland,SRM 101: Bluebunch Wheatgrass,Herbaceous / Nonvascular-dominated,Herbaceous - grassland,Perennial graminoid grassland,255,226,130,1.00000000000,0.88627500000,0.50980400000
7138,3.00000000000,North Pacific Montane Grassland,7138,2138,He North Pacific Montane Grassland,Herb,Grassland,617,Grassland,SRM 102: Idaho Fescue,Herbaceous / Nonvascular-dominated,Herbaceous - grassland,Perennial graminoid grassland,255,198,107,1.00000000000,0.77647100000,0.41960800000
7139,2941.00000000000,Northern Rocky Mountain Lower Montane-Foothill-Valley Grassland,7139,2139,He Northern Rocky Mountain Lower Montane-Foothill-Valley Grassland,Herb,Grassland,617,Grassland,SRM 311: Rough Fescue-Bluebunch Wheatgrass,Herbaceous / Nonvascular-dominated,Herbaceous - grassland,Perennial graminoid grassland,255,191,102,1.00000000000,0.74902000000,0.40000000000
7140,52.00000000000,Northern Rocky Mountain Subalpine-Upper Montane Grassland,7140,2140,He Northern Rocky Mountain Subalpine-Upper Montane Grassland,Herb,Grassland,617,Grassland,SRM 312: Rough Fescue-Idaho Fescue,Herbaceous / Nonvascular-dominated,Herbaceous - grassland,Perennial graminoid grassland,255,184,97,1.00000000000,0.72156900000,0.38039200000
7142,118.00000000000,Columbia Basin Palouse Prairie,7142,2142,He Columbia Basin Palouse Prairie,Herb,Grassland,617,Grassland,SRM 102: Idaho Fescue,Herbaceous / Nonvascular-dominated,Herbaceous - grassland,Perennial graminoid grassland,255,198,107,1.00000000000,0.77647100000,0.41960800000
7145,106.00000000000,Rocky Mountain Subalpine-Montane Mesic Meadow,7145,2145,He Rocky Mountain Subalpine-Montane Mesic Meadow,Herb,Grassland,601,"Alpine Dwarf-Shrubland, Fell-field and Meadow",SRM 409: Tall Forb,Herbaceous / Nonvascular-dominated,Herbaceous - grassland,Perennial graminoid grassland,255,163,82,1.00000000000,0.63921600000,0.32156900000
7156,4054.00000000000,North Pacific Lowland Riparian Forest,7156,2156,Tr North Pacific Lowland Riparian Forest and Shrubland,Tree,Riparian,632,Red Alder Forest and Woodland,SAF 222: Black Cottonwood-Willow,Tree-dominated,Open tree canopy,Mixed evergreen-deciduous open tree canopy,67,162,181,0.26274500000,0.63529400000,0.70980400000
7157,84.00000000000,North Pacific Lowland Riparian Shrubland,7156,2156,Tr North Pacific Lowland Riparian Forest and Shrubland,Shrub,Riparian,632,Red Alder Forest and Woodland,SAF 222: Black Cottonwood-Willow,Shrub-dominated,Shrubland,Mixed evergreen-deciduous shrubland,67,162,181,0.26274500000,0.63529400000,0.70980400000
7158,435.00000000000,North Pacific Montane Riparian Woodland,7158,2158,Tr North Pacific Montane Riparian Woodland and Shrubland,Tree,Riparian,635,Western Riparian Woodland and Shrubland,SAF 222: Black Cottonwood-Willow,Tree-dominated,Open tree canopy,Mixed evergreen-deciduous open tree canopy,67,162,181,0.26274500000,0.63529400000,0.70980400000
7159,32.00000000000,North Pacific Montane Riparian Shrubland,7158,2158,Tr North Pacific Montane Riparian Woodland and Shrubland,Shrub,Riparian,635,Western Riparian Woodland and Shrubland,SAF 222: Black Cottonwood-Willow,Shrub-dominated,Shrubland,Mixed evergreen-deciduous shrubland,67,162,181,0.26274500000,0.63529400000,0.70980400000
7161,1.00000000000,Northern Rocky Mountain Conifer Swamp,7161,2161,Tr Northern Rocky Mountain Conifer Swamp,Tree,Riparian,639,Spruce-Fir Forest and Woodland,SAF 227: Western Redcedar-Western Hemlock,Tree-dominated,Open tree canopy,Evergreen open tree canopy,4,45,117,0.01568600000,0.17647100000,0.45882400000
7165,231.00000000000,Northern Rocky Mountain Foothill Conifer Wooded Steppe,7165,2165,Tr Northern Rocky Mountain Foothill Conifer Wooded Steppe,Tree,Conifer,614,Douglas-fir Forest and Woodland,SRM 109: Ponderosa Pine-Shrubland,Tree-dominated,Sparse tree canopy,Evergreen sparse tree canopy,55,146,173,0.21568600000,0.57254900000,0.67843100000
7168,10.00000000000,Northern Rocky Mountain Avalanche Chute Shrubland,7168,2168,Sh Northern Rocky Mountain Avalanche Chute Shrubland,Shrub,Shrubland,612,Deciduous Shrubland,LF 41: Deciduous Shrubland,Shrub-dominated,Shrubland,Deciduous shrubland,128,97,69,0.50196100000,0.38039200000,0.27058800000
7169,309.00000000000,Northern Rocky Mountain Subalpine Deciduous Shrubland,7169,2169,Sh Northern Rocky Mountain Subalpine Deciduous Shrubland,Shrub,Shrubland,612,Deciduous Shrubland,LF 41: Deciduous Shrubland,Shrub-dominated,Shrubland,Deciduous shrubland,128,97,69,0.50196100000,0.38039200000,0.27058800000
7171,1297.00000000000,North Pacific Alpine and Subalpine Dry Grassland,7171,2171,He North Pacific Alpine and Subalpine Dry Grassland,Herb,Grassland,617,Grassland,SRM 103: Green Fescue,Herbaceous / Nonvascular-dominated,Herbaceous - grassland,Perennial graminoid grassland,255,114,48,1.00000000000,0.44705900000,0.18823500000
7173,68.00000000000,North Pacific Wooded Volcanic Flowage,7173,2173,Tr North Pacific Wooded Volcanic Flowage,Tree,Conifer,625,Douglas-fir-Ponderosa Pine-Lodgepole Pine Forest and Woodland,SAF 218: Lodgepole Pine,Tree-dominated,Open tree canopy,Evergreen open tree canopy,163,240,219,0.63921600000,0.94117600000,0.85882400000
7174,5654.00000000000,North Pacific Dry-Mesic Silver Fir-Western Hemlock-Douglas-fir Forest,7174,2174,Tr North Pacific Dry-Mesic Silver Fir-Western Hemlock-Douglas-fir Forest,Tree,Conifer,642,Western Hemlock-Silver Fir Forest,SAF 226: Coastal True Fir-Hemlock,Tree-dominated,Closed tree canopy,Evergreen closed tree canopy,0,71,0,0.00000000000,0.27843100000,0.00000000000
7178,2335.00000000000,North Pacific Hypermaritime Western Red-cedar-Western Hemlock Forest,7178,2178,Tr North Pacific Hypermaritime Western Red-cedar-Western Hemlock Forest,Tree,Conifer,645,Western Red-cedar-Western Hemlock Forest,SAF 227: Western Redcedar-Western Hemlock,Tree-dominated,Closed tree canopy,Evergreen closed tree canopy,4,45,117,0.01568600000,0.17647100000,0.45882400000
7250,24.00000000000,Inter-Mountain Basins Curl-leaf Mountain Mahogany Shrubland,7062,2062,Tr Inter-Mountain Basins Curl-leaf Mountain Mahogany Woodland and Shrubland,Shrub,Shrubland,628,Mountain Mahogany Woodland and Shrubland,SRM 415: Curlleaf Mountain-Mahogany,Shrub-dominated,Shrubland,Mixed evergreen-deciduous shrubland,155,235,216,0.60784300000,0.92156900000,0.84705900000
7262,27.00000000000,East Cascades Oak Forest and Woodland,7060,2262,Tr East Cascades Oak Forest and Woodland,Tree,Hardwood,610,Conifer-Oak Forest and Woodland,SAF 237: Interior Ponderosa Pine,Tree-dominated,Open tree canopy,Deciduous open tree canopy,214,255,181,0.83921600000,1.00000000000,0.70980400000
7263,23.00000000000,East Cascades Oak-Ponderosa Pine Forest and Woodland,7060,2263,Tr East Cascades Oak - Ponderosa Pine Forest and Woodland,Tree,Conifer-Hardwood,610,Conifer-Oak Forest and Woodland,SAF 237: Interior Ponderosa Pine,Tree-dominated,Open tree canopy,Mixed evergreen-deciduous open tree canopy,214,255,181,0.83921600000,1.00000000000,0.70980400000
7292,18740.00000000000,Open Water,7292,11,Ba Open Water,Water,Open Water,11,Open Water,LF 11: Water,Non-vegetated,Non-vegetated,Non-vegetated,0,0,255,0.00000000000,0.00000000000,1.00000000000
7295,28.00000000000,Quarries-Strip Mines-Gravel Pits-Well and Wind Pads,7295,32,Bab Quarries-Strip Mines-Gravel Pits-Well and Wind Pads,Barren,Quarries-Strip Mines-Gravel Pits-Well and Wind Pads,32,Quarries-Strip Mines-Gravel Pits-Well and Wind Pads,LF 20: Developed,Non-vegetated,Non-vegetated,Developed,230,232,250,0.90196100000,0.90980400000,0.98039200000
7296,3277.00000000000,Developed-Low Intensity,7296,2902,Bau Developed-Low Intensity,Developed,Developed-Low Intensity,22,Developed-Low Intensity,LF 20: Developed,No Dominant Lifeform,No Dominant Lifeform,Developed,255,122,143,1.00000000000,0.47843100000,0.56078400000
7297,1225.00000000000,Developed-Medium Intensity,7297,2903,Bau Developed-Medium Intensity,Developed,Developed-Medium Intensity,23,Developed-Medium Intensity,LF 20: Developed,No Dominant Lifeform,No Dominant Lifeform,Developed,253,44,79,0.99215700000,0.17254900000,0.30980400000
7298,576.00000000000,Developed-High Intensity,7298,2904,Bau Developed-High Intensity,Developed,Developed-High Intensity,24,Developed-High Intensity,LF 20: Developed,No Dominant Lifeform,No Dominant Lifeform,Developed,173,0,28,0.67843100000,0.00000000000,0.10980400000
7299,6497.00000000000,Developed-Roads,7299,2905,Bau Developed-Roads,Developed,Developed-Roads,25,Developed-Roads,LF 20: Developed,No Dominant Lifeform,No Dominant Lifeform,Developed,1,1,1,0.00392200000,0.00392200000,0.00392200000
7662,555.00000000000,Temperate Pacific Freshwater Emergent Marsh,7662,2662,He Temperate Pacific Freshwater Emergent Marsh,Herb,Riparian,765,Freshwater Marsh,SRM 909: Freshwater Marsh,Herbaceous / Nonvascular-dominated,Herbaceous - grassland,Perennial graminoid,255,153,0,1.00000000000,0.60000000000,0.00000000000
7663,11.00000000000,North Pacific Shrub Swamp,7663,2663,Sh North Pacific Shrub Swamp,Shrub,Shrubland,774,Shrub Swamp,SRM 917: Tall Shrub Swamp,Shrub-dominated,Shrubland,Deciduous shrubland,166,76,17,0.65098000000,0.29803900000,0.06666700000
7668,348.00000000000,Temperate Pacific Tidal Salt and Brackish Marsh,7668,2668,He Temperate Pacific Tidal Salt and Brackish Marsh,Herb,Riparian,780,Tidal Marsh,LF 50: Tidal Flats and Marshes,Herbaceous / Nonvascular-dominated,Herbaceous - grassland,Perennial graminoid,255,153,10,1.00000000000,0.60000000000,0.03921600000
7733,1294.00000000000,North Pacific Montane Massive Bedrock-Cliff and Talus,7733,2003,Sps North Pacific Sparsely Vegetated Systems,Sparse,Sparsely Vegetated,700,Sparse Vegetation,LF 33: Sparsely Vegetated,No Dominant Lifeform,Sparsely vegetated,Sparsely vegetated,100,100,100,0.39215700000,0.39215700000,0.39215700000
7734,1812.00000000000,North Pacific Alpine and Subalpine Bedrock and Scree,7734,2003,Sps North Pacific Sparsely Vegetated Systems,Sparse,Sparsely Vegetated,700,Sparse Vegetation,LF 33: Sparsely Vegetated,No Dominant Lifeform,Sparsely vegetated,Sparsely vegetated,100,100,100,0.39215700000,0.39215700000,0.39215700000
7735,528.00000000000,North American Glacier and Ice Field,7735,12,Ba Snow-Ice,Snow-Ice,Snow-Ice,12,Snow-Ice,LF 12: Snow-Ice,Non-vegetated,Non-vegetated,Non-vegetated,159,161,240,0.62352900000,0.63137300000,0.94117600000
7755,542.00000000000,Agriculture-Cultivated Crops and Irrigated Agriculture,7755,82,Da Agriculture-Cultivated Crops and Irrigated Agriculture,Agriculture,Agricultural,82,Agriculture-Cultivated Crops and Irrigated Agriculture,LF 80: Agriculture,Herbaceous / Nonvascular-dominated,Herbaceous - grassland,Annual Graminoid/Forb,250,255,119,0.98039200000,1.00000000000,0.46666700000
7900,472.00000000000,Western Cool Temperate Urban Deciduous Forest,7900,2913,Dtd Urban Deciduous Forest,Tree,Developed,13,Developed-Upland Deciduous Forest,LF 20: Developed,Tree-dominated,Open tree canopy,Deciduous open tree canopy,112,68,137,0.43921600000,0.26666700000,0.53725500000
7901,938.00000000000,Western Cool Temperate Urban Evergreen Forest,7901,2914,Dtc Urban Evergreen Forest,Tree,Developed,14,Developed-Upland Evergreen Forest,LF 20: Developed,Tree-dominated,Open tree canopy,Evergreen open tree canopy,170,102,205,0.66666700000,0.40000000000,0.80392200000
7902,304.00000000000,Western Cool Temperate Urban Mixed Forest,7902,2915,Dtm Urban Mixed Deciduous-Evergreen Forest,Tree,Developed,15,Developed-Upland Mixed Forest,LF 20: Developed,Tree-dominated,Open tree canopy,Mixed evergreen-deciduous open tree canopy,194,158,215,0.76078400000,0.61960800000,0.84313700000
7903,608.00000000000,Western Cool Temperate Urban Herbaceous,7903,2916,Dgr Urban Herbaceous,Herb,Developed,16,Developed-Upland Herbaceous,LF 20: Developed,Herbaceous / Nonvascular-dominated,Herbaceous - grassland,Perennial graminoid,202,122,245,0.79215700000,0.47843100000,0.96078400000
7904,97.00000000000,Western Cool Temperate Urban Shrubland,7904,2917,Dsh Urban Shrubland,Shrub,Developed,17,Developed-Upland Shrubland,LF 20: Developed,Shrub-dominated,Shrubland,Mixed evergreen-deciduous shrubland,207,171,215,0.81176500000,0.67058800000,0.84313700000
7920,184.00000000000,Western Cool Temperate Developed Deciduous Forest,7920,2908,Dtd Developed Deciduous Forest,Tree,Developed,13,Developed-Upland Deciduous Forest,LF 20: Developed,Tree-dominated,Open tree canopy,Deciduous open tree canopy,64,61,168,0.25098000000,0.23921600000,0.65882400000
7921,201.00000000000,Western Cool Temperate Developed Evergreen Forest,7921,2909,Dtc Developed Evergreen Forest,Tree,Developed,14,Developed-Upland Evergreen Forest,LF 20: Developed,Tree-dominated,Open tree canopy,Evergreen open tree canopy,102,119,205,0.40000000000,0.46666700000,0.80392200000
7922,129.00000000000,Western Cool Temperate Developed Mixed Forest,7922,2910,Dtm Developed Mixed Deciduous-Evergreen Forest,Tree,Developed,15,Developed-Upland Mixed Forest,LF 20: Developed,Tree-dominated,Open tree canopy,Mixed evergreen-deciduous open tree canopy,68,79,137,0.26666700000,0.30980400000,0.53725500000
7923,107.00000000000,Western Cool Temperate Developed Shrubland,7923,2912,Dsh Developed Shrubland,Shrub,Developed,17,Developed-Upland Shrubland,LF 20: Developed,Shrub-dominated,Shrubland,Mixed evergreen-deciduous shrubland,122,142,245,0.47843100000,0.55686300000,0.96078400000
7924,373.00000000000,Western Cool Temperate Developed Herbaceous,7924,2911,Dgr Developed Herbaceous,Herb,Developed,16,Developed-Upland Herbaceous,LF 20: Developed,Herbaceous / Nonvascular-dominated,Herbaceous - grassland,Perennial graminoid,158,170,215,0.61960800000,0.66666700000,0.84313700000
7960,1504.00000000000,Western Cool Temperate Orchard,7960,2960,Dab Orchard,Tree,Agricultural,60,Agricultural-Orchard,LF 80: Agriculture,Tree-dominated,Open tree canopy,Deciduous open tree canopy,210,28,94,0.82352900000,0.10980400000,0.36862700000
7961,587.00000000000,Western Cool Temperate Vineyard,7961,2961,Da Vineyard,Agriculture,Agricultural,61,Agricultural-Vineyard,LF 80: Agriculture,Shrub-dominated,Shrubland,Mixed evergreen-deciduous shrubland,168,0,132,0.65882400000,0.00000000000,0.51764700000
7962,186.00000000000,Western Cool Temperate Bush fruit and berries,7962,2962,Dab Bush Fruit and Berries,Shrub,Agricultural,62,Agricultural-Bush fruit and berries,LF 80: Agriculture,Shrub-dominated,Shrubland,Mixed evergreen-deciduous shrubland,210,28,119,0.82352900000,0.10980400000,0.46666700000
7963,1198.00000000000,Western Cool Temperate Row Crop - Close Grown Crop,7963,2963,Da Row Crop - Close Grown Crop,Agriculture,Agricultural,63,Agricultural-Row Crop-Close Grown Crop,LF 80: Agriculture,Herbaceous / Nonvascular-dominated,Herbaceous - grassland,Annual Graminoid/Forb,255,245,140,1.00000000000,0.96078400000,0.54902000000
7964,5069.00000000000,Western Cool Temperate Row Crop,7964,2964,Da Row Crop,Agriculture,Agricultural,64,Agricultural-Row Crop,LF 80: Agriculture,Herbaceous / Nonvascular-dominated,Herbaceous - grassland,Annual Graminoid/Forb,250,255,119,0.98039200000,1.00000000000,0.46666700000
7965,2164.00000000000,Western Cool Temperate Close Grown Crop,7965,2965,Da Close Grown Crop,Agriculture,Agricultural,65,Agricultural-Close Grown Crop,LF 80: Agriculture,Herbaceous / Nonvascular-dominated,Herbaceous - grassland,Annual Graminoid/Forb,255,237,119,1.00000000000,0.92941200000,0.46666700000
7966,6842.00000000000,Western Cool Temperate Fallow/Idle Cropland,7966,2966,Dab Fallow/Idle Cropland,Herb,Agricultural,66,Agricultural-Fallow/Idle Cropland,LF 80: Agriculture,Herbaceous / Nonvascular-dominated,Herbaceous - grassland,Annual Graminoid/Forb,255,255,119,1.00000000000,1.00000000000,0.46666700000
7967,4143.00000000000,Western Cool Temperate Pasture and Hayland,7967,2967,Dab Pasture and Hayland,Herb,Agricultural,67,Agricultural-Pasture and Hayland,LF 80: Agriculture,Herbaceous / Nonvascular-dominated,Herbaceous - grassland,Annual Graminoid/Forb,227,212,28,0.89019600000,0.83137300000,0.10980400000
7968,11719.00000000000,Western Cool Temperate Wheat,7968,2968,Da Wheat,Agriculture,Agricultural,68,Agricultural-Wheat,LF 80: Agriculture,Herbaceous / Nonvascular-dominated,Herbaceous - grassland,Annual Graminoid/Forb,250,227,163,0.98039200000,0.89019600000,0.63921600000
9002,463.00000000000,Columbia Basin Foothill Riparian Woodland,9002,2154,Tr Inter-Mountain Basins Montane Riparian Systems,Tree,Riparian,635,Western Riparian Woodland and Shrubland,SAF 235: Cottonwood-Willow,Tree-dominated,Open tree canopy,Mixed evergreen-deciduous open tree canopy,73,171,186,0.28627500000,0.67058800000,0.72941200000
9004,42.00000000000,Inter-Mountain Basins Active and Stabilized Dune,9004,2001,Sps Inter-Mountain Basins Sparsely Vegetated Systems,Sparse,Sparsely Vegetated,700,Sparse Vegetation,LF 33: Sparsely Vegetated,No Dominant Lifeform,Sparsely vegetated,Sparsely vegetated,100,100,100,0.39215700000,0.39215700000,0.39215700000
9005,319.00000000000,Inter-Mountain Basins Alkaline Closed Depression,9005,2224,He Inter-Mountain Basins Alkaline Closed Depression,Herb,Riparian,650,Depressional Wetland,LF 56: Western Herbaceous Wetland,Herbaceous / Nonvascular-dominated,Herbaceous - grassland,Perennial graminoid grassland,250,100,56,0.98039200000,0.39215700000,0.21960800000
9006,796.00000000000,Inter-Mountain Basins Cliff and Canyon,9006,2001,Sps Inter-Mountain Basins Sparsely Vegetated Systems,Sparse,Sparsely Vegetated,700,Sparse Vegetation,LF 33: Sparsely Vegetated,No Dominant Lifeform,Sparsely vegetated,Sparsely vegetated,100,100,100,0.39215700000,0.39215700000,0.39215700000
9011,232.00000000000,North American Arid West Emergent Marsh,9011,2225,He North American Arid West Emergent Marsh,Herb,Riparian,765,Freshwater Marsh,LF 56: Western Herbaceous Wetland,Herbaceous / Nonvascular-dominated,Herbaceous - grassland,Perennial graminoid grassland,250,100,56,0.98039200000,0.39215700000,0.21960800000
9012,609.00000000000,Northern Rocky Mountain Lower Montane Riparian Woodland,9012,2159,Tr Rocky Mountain Montane Riparian Systems,Tree,Riparian,635,Western Riparian Woodland and Shrubland,SAF 235: Cottonwood-Willow,Tree-dominated,Open tree canopy,Mixed evergreen-deciduous open tree canopy,73,171,186,0.28627500000,0.67058800000,0.72941200000
9016,6.00000000000,Rocky Mountain Alpine Bedrock and Scree,9016,2006,Sps Rocky Mountain Alpine/Montane Sparsely Vegetated Systems,Sparse,Sparsely Vegetated,700,Sparse Vegetation,LF 33: Sparsely Vegetated,No Dominant Lifeform,Sparsely vegetated,Sparsely vegetated,100,100,100,0.39215700000,0.39215700000,0.39215700000
9017,37.00000000000,Rocky Mountain Alpine-Montane Wet Meadow,9017,2176,He Rocky Mountain Alpine-Montane Wet Meadow,Herb,Riparian,669,Western Herbaceous Wetland,SRM 422: Riparian,Herbaceous / Nonvascular-dominated,Herbaceous - grassland,Perennial graminoid grassland,184,96,24,0.72156900000,0.37647100000,0.09411800000
9018,201.00000000000,Rocky Mountain Cliff Canyon and Massive Bedrock,9018,2006,Sps Rocky Mountain Alpine/Montane Sparsely Vegetated Systems,Sparse,Sparsely Vegetated,700,Sparse Vegetation,LF 33: Sparsely Vegetated,No Dominant Lifeform,Sparsely vegetated,Sparsely vegetated,100,100,100,0.39215700000,0.39215700000,0.39215700000
9021,10.00000000000,Rocky Mountain Subalpine-Montane Riparian Shrubland,9021,2160,Tr Rocky Mountain Subalpine/Upper Montane Riparian Systems,Shrub,Riparian,635,Western Riparian Woodland and Shrubland,SRM 422: Riparian,Shrub-dominated,Shrubland,Mixed evergreen-deciduous shrubland,184,96,24,0.72156900000,0.37647100000,0.09411800000
9022,102.00000000000,Rocky Mountain Subalpine-Montane Riparian Woodland,9022,2160,Tr Rocky Mountain Subalpine/Upper Montane Riparian Systems,Tree,Riparian,635,Western Riparian Woodland and Shrubland,SRM 422: Riparian,Tree-dominated,Open tree canopy,Mixed evergreen-deciduous open tree canopy,184,96,24,0.72156900000,0.37647100000,0.09411800000
9160,52.00000000000,North Pacific Active Volcanic Rock and Cinder Land,9160,2003,Sps North Pacific Sparsely Vegetated Systems,Sparse,Sparsely Vegetated,700,Sparse Vegetation,LF 33: Sparsely Vegetated,No Dominant Lifeform,Sparsely vegetated,Sparsely vegetated,100,100,100,0.39215700000,0.39215700000,0.39215700000
9165,115.00000000000,North Pacific Hardwood-Conifer Swamp,9165,2157,Tr North Pacific Swamp Systems,Tree,Riparian,645,Western Red-cedar-Western Hemlock Forest,SAF 222: Black Cottonwood-Willow,Tree-dominated,Open tree canopy,Mixed evergreen-deciduous open tree canopy,67,162,181,0.26274500000,0.63529400000,0.70980400000
9166,4.00000000000,North Pacific Herbaceous Bald and Bluff,9166,2233,He North Pacific Herbaceous Bald and Bluff,Herb,Grassland,688,Prairies and Barrens,LF 60: North Pacific Grass and Shrub Balds,Herbaceous / Nonvascular-dominated,Herbaceous - grassland,Perennial graminoid grassland,82,52,34,0.32156900000,0.20392200000,0.13333300000
9167,7.00000000000,North Pacific Hypermaritime Herbaceous Headland,9167,2234,Sh North Pacific Hypermaritime Shrub and Herbaceous Headland,Herb,Grassland,609,Pacific Coastal Scrub,SRM 204: Northern Coastal Shrub,Herbaceous / Nonvascular-dominated,Herbaceous - shrub-steppe,Perennial graminoid steppe,201,116,30,0.78823500000,0.45490200000,0.11764700000
9170,1199.00000000000,North Pacific Lowland Mixed Hardwood-Conifer Forest,9170,2235,Tr North Pacific Lowland Mixed Hardwood-Conifer Forest,Tree,Conifer-Hardwood,610,Conifer-Oak Forest and Woodland,SAF 229: Pacific Douglas-Fir,Tree-dominated,Closed tree canopy,Mixed evergreen-deciduous closed tree canopy,0,130,0,0.00000000000,0.50980400000,0.00000000000
9171,74.00000000000,North Pacific Maritime Coastal Sand Dune and Strand,9171,2005,Sps Pacific Coastal Dunes and Other Sparsely Vegetated Systems,Sparse,Sparsely Vegetated,700,Sparse Vegetation,LF 33: Sparsely Vegetated,No Dominant Lifeform,Sparsely vegetated,Sparsely vegetated,100,100,100,0.39215700000,0.39215700000,0.39215700000
9272,45.00000000000,Temperate Pacific Subalpine-Montane Wet Meadow,9272,2236,He Temperate Pacific Subalpine-Montane Wet Meadow,Herb,Riparian,675,Inland Marshes and Prairies,SRM 217: Wetlands,Herbaceous / Nonvascular-dominated,Herbaceous - grassland,Perennial graminoid grassland,255,127,59,1.00000000000,0.49803900000,0.23137300000
9307,205.00000000000,Great Basin & Intermountain Introduced Annual and Biennial Forbland,9307,2272,He Great Basin & Intermountain Introduced Annual and Biennial Forbland,Herb,Exotic Herbaceous,704,Introduced Annual and Biennial Forbland,LF 54: Introduced Upland Vegetation - Herbaceous,Herbaceous / Nonvascular-dominated,Herbaceous - grassland,Annual Graminoid/Forb,255,105,46,1.00000000000,0.41176500000,0.18039200000
9308,2233.00000000000,Great Basin & Intermountain Introduced Annual Grassland,9308,2273,He Great Basin & Intermountain Introduced Annual Grassland,Herb,Exotic Herbaceous,702,Introduced Annual Grassland,LF 54: Introduced Upland Vegetation - Herbaceous,Herbaceous / Nonvascular-dominated,Herbaceous - grassland,Annual Graminoid/Forb,255,105,46,1.00000000000,0.41176500000,0.18039200000
9309,1323.00000000000,Great Basin & Intermountain Introduced Perennial Grassland and Forbland,9309,2274,He Great Basin & Intermountain Introduced Perennial Grassland and Forbland,Herb,Exotic Herbaceous,703,Introduced Perennial Grassland and Forbland,LF 54: Introduced Upland Vegetation - Herbaceous,Herbaceous / Nonvascular-dominated,Herbaceous - grassland,Perennial graminoid grassland,255,105,46,1.00000000000,0.41176500000,0.18039200000
9311,1.00000000000,North Pacific Maritime Coastal Sand Dune Ruderal Scrub,9311,2276,Sh North Pacific Maritime Coastal Sand Dune Ruderal Scrub & Herb Vegetation,Shrub,Exotic Tree-Shrub,706,Introduced Upland Vegetation-Shrub,LF 52: Introduced Upland Vegetation - Shrub,Shrub-dominated,Shrubland,Mixed evergreen-deciduous shrubland,255,105,46,1.00000000000,0.41176500000,0.18039200000
9326,758.00000000000,Southern Vancouverian Lowland Ruderal Shrubland,9326,2277,Sh Southern Vancouverian Lowland Ruderal Grassland & Shrubland,Shrub,Exotic Tree-Shrub,706,Introduced Upland Vegetation-Shrub,LF 52: Introduced Upland Vegetation - Shrub,Shrub-dominated,Shrubland,Mixed evergreen-deciduous shrubland,255,105,46,1.00000000000,0.41176500000,0.18039200000
9327,55.00000000000,Interior West Ruderal Riparian Forest,9327,2278,Tr Interior West Ruderal Riparian Forest & Scrub,Tree,Riparian,701,Introduced Riparian Vegetation,LF 58: Introduced Woody Wetlands and Riparian Vegetation,Tree-dominated,Open tree canopy,Mixed evergreen-deciduous open tree canopy,255,105,46,1.00000000000,0.41176500000,0.18039200000
9328,1539.00000000000,Interior Western North American Temperate Ruderal Shrubland,9328,2279,Sh Interior Western North American Temperate Ruderal Grassland & Shrubland,Shrub,Exotic Tree-Shrub,706,Introduced Upland Vegetation-Shrub,LF 52: Introduced Upland Vegetation - Shrub,Shrub-dominated,Shrubland,Mixed evergreen-deciduous shrubland,255,105,46,1.00000000000,0.41176500000,0.18039200000
9329,439.00000000000,Western North American Ruderal Wet Shrubland,9329,2280,Sh Western North American Ruderal Wet Shrubland Meadow & Marsh,Shrub,Riparian,708,Introduced Woody Wetland Vegetation,LF 58: Introduced Woody Wetlands and Riparian Vegetation,Shrub-dominated,Shrubland,Mixed evergreen-deciduous shrubland,255,105,46,1.00000000000,0.41176500000,0.18039200000
9336,902.00000000000,Great Basin & Intermountain Ruderal Shrubland,9336,2282,Sh Great Basin & Intermountain Ruderal Shrubland,Shrub,Exotic Tree-Shrub,706,Introduced Upland Vegetation-Shrub,LF 52: Introduced Upland Vegetation - Shrub,Shrub-dominated,Shrubland,Mixed evergreen-deciduous shrubland,255,105,46,1.00000000000,0.41176500000,0.18039200000
9502,90.00000000000,Columbia Basin Foothill Riparian Shrubland,9002,2154,Tr Inter-Mountain Basins Montane Riparian Systems,Shrub,Riparian,635,Western Riparian Woodland and Shrubland,SAF 235: Cottonwood-Willow,Shrub-dominated,Shrubland,Mixed evergreen-deciduous shrubland,73,171,186,0.28627500000,0.67058800000,0.72941200000
9504,192.00000000000,Columbia Basin Foothill Riparian Herbaceous,9002,2154,Tr Inter-Mountain Basins Montane Riparian Systems,Herb,Riparian,635,Western Riparian Woodland and Shrubland,SAF 235: Cottonwood-Willow,Herbaceous / Nonvascular-dominated,Herbaceous - grassland,Perennial graminoid,73,171,186,0.28627500000,0.67058800000,0.72941200000
9512,19.00000000000,Northern Rocky Mountain Lower Montane Riparian Shrubland,9012,2159,Tr Rocky Mountain Montane Riparian Systems,Shrub,Riparian,635,Western Riparian Woodland and Shrubland,SAF 235: Cottonwood-Willow,Shrub-dominated,Shrubland,Mixed evergreen-deciduous shrubland,73,171,186,0.28627500000,0.67058800000,0.72941200000
9667,1.00000000000,North Pacific Hypermaritime Shrub Headland,9167,2234,Sh North Pacific Hypermaritime Shrub and Herbaceous Headland,Shrub,Shrubland,609,Pacific Coastal Scrub,SRM 204: Northern Coastal Shrub,Shrub-dominated,Shrubland,Mixed evergreen-deciduous shrubland,201,116,30,0.78823500000,0.45490200000,0.11764700000
9811,7.00000000000,North Pacific Maritime Coastal Sand Dune Ruderal Herb Vegetation,9311,2276,Sh North Pacific Maritime Coastal Sand Dune Ruderal Scrub & Herb Vegetation,Herb,Exotic Herbaceous,703,Introduced Perennial Grassland and Forbland,LF 54: Introduced Upland Vegetation - Herbaceous,Herbaceous / Nonvascular-dominated,Herbaceous - grassland,Perennial graminoid grassland,255,105,46,1.00000000000,0.41176500000,0.18039200000
9826,2063.00000000000,Southern Vancouverian Lowland Ruderal Grassland,9326,2277,Sh Southern Vancouverian Lowland Ruderal Grassland & Shrubland,Herb,Exotic Herbaceous,703,Introduced Perennial Grassland and Forbland,LF 54: Introduced Upland Vegetation - Herbaceous,Herbaceous / Nonvascular-dominated,Herbaceous - grassland,Perennial graminoid grassland,255,105,46,1.00000000000,0.41176500000,0.18039200000
9828,4862.00000000000,Interior Western North American Temperate Ruderal Grassland,9328,2279,Sh Interior Western North American Temperate Ruderal Grassland & Shrubland,Herb,Exotic Herbaceous,703,Introduced Perennial Grassland and Forbland,LF 54: Introduced Upland Vegetation - Herbaceous,Herbaceous / Nonvascular-dominated,Herbaceous - grassland,Perennial graminoid grassland,255,105,46,1.00000000000,0.41176500000,0.18039200000
9829,328.00000000000,Western North American Ruderal Wet Meadow & Marsh,9329,2280,Sh Western North American Ruderal Wet Shrubland Meadow & Marsh,Herb,Riparian,709,Introduced Herbaceous Wetland Vegetation,LF 59: Introduced Herbaceous Wetland and Riparian Vegetation,Herbaceous / Nonvascular-dominated,Herbaceous - grassland,Perennial graminoid grassland,255,105,46,1.00000000000,0.41176500000,0.18039200000
