id,name,operator,county,type,sqft,sqft_imputed,sqft_est,energy_mwh_yr_low,energy_mwh_yr_mid,energy_mwh_yr_high,water_gal_yr_low,water_gal_yr_mid,water_gal_yr_high,lat,lon
358455179,Digital Realty Silicon Valley SC1,Digital Realty,Santa Clara County,building,297948.0,False,297948.0,208801.9584,313202.9376,522004.896,41369723.215833604,148931003.57700098,330957785.72666883,37.36168658658687,-121.94391134202756
32560290,RagingWire CA2,NTT,Sacramento County,building,204702.0,False,204702.0,143455.1616,215182.7424,358637.904,28422627.7126464,102321459.76552704,227381021.7011712,38.6503995314376,-121.49194609960875
32560292,RagingWire CA1,NTT,Sacramento County,building,192302.0,False,192302.0,134765.2416,202147.8624,336913.104,26700902.5529664,96123249.19067904,213607220.4237312,38.65043183405982,-121.48918647250004
384310269,Hurricane Electric Fremont 2,Hurricane Electric,Alameda County,building,181268.0,False,181268.0,127032.6144,190548.9216,317581.536,25168844.858457603,90607841.49044737,201350758.86766082,37.471827238512944,-121.92031059714007
224998784,Microsoft,Microsoft,Santa Clara County,building,166655.0,False,166655.0,116791.824,175187.736,291979.56,23139847.297296003,83303450.27026561,185118778.37836802,37.3620662092011,-121.94643635591544
161126131,Equinix SV5,Equinix,Santa Clara County,building,166314.0,False,166314.0,116552.8512,174829.2768,291382.128,23092499.855404798,83132999.47945727,184739998.84323838,37.24204046852016,-121.7818392792948
464371693,Kaiser Data Center,,Napa County,building,162791.0,False,162791.0,114083.9328,171125.8992,285209.832,22603335.521731205,81372007.87823234,180826684.17384964,38.254085135435545,-122.2730981200017
1314012931,Digital Realty Silicon Valley SJC37,Digital Realty,Santa Clara County,building,155689.0,False,155689.0,109106.8512,163660.2768,272767.128,21617231.3214048,77822032.75705728,172937850.5712384,37.37093636866237,-121.9472163527582
190868312,RagingWire CA3,NTT,Sacramento County,building,151366.0,False,151366.0,106077.2928,159115.9392,265193.232,21016987.9451712,75661156.60261633,168135903.5613696,38.64423935185345,-121.49876273285923
209087373,Silicon Valley SJC31,Digital Realty,Santa Clara County,building,146597.0,False,146597.0,102735.1776,154102.7664,256837.944,20354818.002710402,73277344.80975746,162838544.02168322,37.37224989820432,-121.9483289304616
54119665,Csquare SFO2,Csquare,Santa Clara County,building,146098.0,False,146098.0,102385.4784,153578.2176,255963.696,20285532.449913602,73027916.81968896,162284259.59930882,37.39757919675742,-121.9808693510514
1344376232,NTT Silicon Valley data center campus,,Santa Clara County,campus,143246.0,False,143246.0,100386.7968,150580.1952,250966.992,19889535.6631872,71602328.38747393,159116285.3054976,37.36897448736602,-121.95536447297926
1460855151,STACK SVY02,Stack Infrastructure,Santa Clara County,building,136083.0,False,136083.0,95366.9664,143050.4496,238417.416,18894961.6858656,68021862.06911616,151159693.4869248,37.36193156366279,-121.95374429776638
35491576,Equinix SV1,Equinix,Santa Clara County,building,135022.0,False,135022.0,94623.4176,141935.1264,236558.544,18747643.105670404,67491515.18041345,149981144.84536323,37.241586803667886,-121.7833201255276
1314010354,Vantage Santa Clara CA2,Vantage Data Centers,Santa Clara County,building,132031.0,False,132031.0,92527.3248,138790.9872,231318.312,18332346.335299205,65996446.80707713,146658770.68239364,37.36403183434052,-121.9468448755741
38305431,Digital Realty Silicon Valley SJC34,Digital Realty,Santa Clara County,building,129242.0,False,129242.0,90572.7936,135859.1904,226431.984,17945097.0231744,64602349.28342785,143560776.1853952,37.37238819523252,-121.97361948715526
1313995085,,,Santa Clara County,building,124069.0,False,124069.0,86947.5552,130421.3328,217368.888,17226832.164220802,62016595.79119488,137814657.31376642,37.370642952923895,-121.97450722223287
99813512,Equinix SV4,Equinix,Santa Clara County,building,122369.0,False,122369.0,85756.1952,128634.2928,214390.488,16990789.1987808,61166841.11561088,135926313.5902464,37.41456431406775,-122.01457953832228
424945845,Serverfarm - LAX1,Serverfarm LLC.,Los Angeles County,building,119102.0,False,119102.0,83466.6816,125200.0224,208666.704,16537170.158726402,59533812.57141505,132297361.26981121,33.92174167558056,-118.38643608724033
54119667,Csquare SFO2,Csquare,Santa Clara County,building,115693.0,False,115693.0,81077.6544,121616.4816,202694.136,16063834.5886176,57829804.519023366,128510676.7089408,37.39861833320087,-121.98111165280665
424945852,DRT LAX12,Digital Realty,Los Angeles County,building,113310.0,False,113310.0,79407.648,119111.472,198519.12,15732957.890592001,56638648.4061312,125863663.12473601,33.9156488974591,-118.38463005026092
460076753,Equinix San Jose SV3,Equinix,Santa Clara County,building,109684.0,False,109684.0,76866.5472,115299.8208,192166.368,15229492.1301888,54826171.668679684,121835937.0415104,37.38826955704538,-121.88842909046676
1075445245,,,Santa Clara County,building,108346.0,False,108346.0,75928.8768,113893.3152,189822.192,15043712.431507202,54157364.753425926,120349699.45205761,37.3611399057634,-121.9423061882177
553223629,Stack Infrastructure,Stack Infrastructure,Santa Clara County,building,107993.0,False,107993.0,75681.4944,113522.2416,189203.736,14994698.8039776,53980915.69431936,119957590.4318208,37.40221252579365,-121.89238428102912
289620443,Digital Realty San Francisco SFO10,Digital Realty,San Francisco County,building,104867.0,False,104867.0,73490.7936,110236.1904,183726.984,14560657.445174402,52418366.802627854,116485259.56139521,37.7236016950597,-122.39793596994734
451413811,,,Santa Clara County,building,102004.0,False,102004.0,71484.4032,107226.6048,178711.008,14163133.321612801,50987279.95780608,113305066.57290241,37.33363768871057,-121.88797542273252
30666790,USPO Terminal Annex,United States Postal Service,Los Angeles County,building,99270.0,False,99270.0,69568.416,104352.624,173921.04,13783520.693664001,49620674.49719041,110268165.54931201,34.05810223824728,-118.23539293645688
1065780801,Amazon,Amazon Web Services,Santa Clara County,building,98142.0,False,98142.0,68777.9136,103166.8704,171944.784,13626899.243654402,49056837.277155854,109015193.94923522,37.3899327218429,-121.96598983231348
38305568,Csquare SFO1,Csquare,Santa Clara County,building,92193.0,False,92193.0,64608.8544,96913.2816,161522.136,12800887.713417603,46083195.76830337,102407101.70734082,37.371519049598696,-121.96969744738088
194049551,QTS Sacramento,Quality Technology Services,Sacramento County,building,90196.0,False,90196.0,63209.3568,94814.0352,158023.392,12523606.6534272,45084983.95233793,100188853.2274176,38.64634932685158,-121.48622274444377
299388896,CoreSite SV2,"CoreSite Real Estate 1656 McCarthy, L.P.",Santa Clara County,building,89939.0,False,89939.0,63029.2512,94543.8768,157573.128,12487922.5110048,44956521.039617285,99903380.0880384,37.40568310648504,-121.91624119521208
38305611,,Vantage,Santa Clara County,building,89293.0,False,89293.0,62576.5344,93864.8016,156441.336,12398226.184137601,44633614.26289537,99185809.47310081,37.37338590954395,-121.97269293993044
531709017,AT&T Center,American Telephone & Telegraph,San Diego County,building,88910.0,False,88910.0,62308.128,93462.192,155770.32,12345047.092512,44442169.5330432,98760376.740096,32.74757512655355,-117.15894804229632
600806974,Equinix SV10,Equinix,Santa Clara County,building,86340.0,False,86340.0,60507.072,90760.608,151267.68,11988205.668288,43157540.405836806,95905645.346304,37.241198528847725,-121.78476265158876
441502816,Lumen Technologies,,Orange County,building,85658.0,False,85658.0,60029.1264,90043.6896,150072.816,11893510.7845056,42816638.824220166,95148086.2760448,33.716777907497594,-117.80580094927475
460159928,Csquare SFO1,Csquare,Santa Clara County,building,83921.0,False,83921.0,58811.8368,88217.7552,147029.592,11652330.413347201,41948389.488049924,93218643.30677761,37.37043804478318,-121.96982954691394
31800424,LightEdge SAN1,,San Diego County,building,83576.0,False,83576.0,58570.0608,87855.0912,146425.152,11604427.5762432,41775939.27447552,92835420.6099456,32.827865524456854,-117.12993394622256
37947314,Equinix Santa Clara SV2,Equinix,Santa Clara County,building,81106.0,False,81106.0,56839.0848,85258.6272,142097.712,11261471.0323392,40541295.71642113,90091768.2587136,37.378433690080165,-121.95499188020412
40608200,Cologix Santa Clara SV1 Data Center,Cologix,Santa Clara County,building,80686.0,False,80686.0,56544.7488,84817.1232,141361.872,11203154.534995202,40331356.32598273,89625236.27996162,37.36533280955109,-121.9617004216462
1460847458,EdgeCore Silicon Valley,,Santa Clara County,building,80443.0,False,80443.0,56374.4544,84561.6816,140936.136,11169414.2758176,40209891.39294336,89355314.2065408,37.38371826652648,-121.96538823847324
553223628,Stack Infrastructure,Stack Infrastructure,Santa Clara County,building,78105.0,False,78105.0,54735.984,82103.976,136839.96,10844785.773936002,39041228.7861696,86758286.19148801,37.40255873642884,-121.89338203369856
37877544,Lumen Sunnyvale 1,Lumen Technologies,Santa Clara County,building,77132.0,False,77132.0,54054.1056,81081.1584,135135.264,10709685.888422402,38554869.19832064,85677487.10737921,37.37343914789955,-121.98781298697564
1227604493,Equinix SV11,Equinix,Santa Clara County,building,76977.0,False,76977.0,53945.4816,80918.2224,134863.704,10688164.323926402,38477391.56613505,85505314.59141122,37.24260507449007,-121.7839986384854
460159955,,Vantage,Santa Clara County,building,75686.0,False,75686.0,53040.7488,79561.1232,132601.872,10508910.518995201,37832077.86838273,84071284.15196161,37.371778697164096,-121.97250520730036
460159925,,NTT Limited,Santa Clara County,building,75249.0,False,75249.0,52734.4992,79101.7488,131836.248,10448233.5919968,37613640.93118849,83585868.7359744,37.40390424000007,-121.88929689106432
424945736,,Centurylink,Los Angeles County,building,71500.0,False,71500.0,50107.2,75160.8,125268.0,9927689.4288,35739681.94368,79421515.4304,33.91772905166227,-118.38631267027328
271893323,Csquare SFO3,Csquare,Santa Clara County,building,71209.0,False,71209.0,49903.2672,74854.9008,124758.168,9887284.4270688,35594223.93744768,79098275.4165504,37.372103697929965,-121.98603139645
428021796,DRT LAX10,,Los Angeles County,building,66979.0,False,66979.0,46938.8832,70408.3248,117347.208,9299953.9895328,33479834.362318084,74399631.9162624,34.04732574551566,-118.25751427697324
384310259,XO Fremont,XO,Alameda County,building,65815.0,False,65815.0,46123.152,69184.728,115307.88,9138333.982608,32898002.337388802,73106671.860864,37.47533720746737,-121.92211346250495
37947313,OpenColo,,Santa Clara County,building,65471.0,False,65471.0,45882.0768,68823.1152,114705.192,9090569.994307201,32726051.979505926,72724559.95445761,37.37881629201175,-121.95593725165452
8477460442,Digital West Data Center,,San Luis Obispo County,point,,True,63268.0,44338.2144,66507.3216,110845.536,8784686.0808576,31624869.89108736,70277488.6468608,35.25531619999998,-120.64151280000002
8238715061,STACK Infrastructure,"Stack Infrastructure, Incorporated",Santa Clara County,point,,True,63268.0,44338.2144,66507.3216,110845.536,8784686.0808576,31624869.89108736,70277488.6468608,37.40263410000001,-121.891057
10880725408,e360,,Contra Costa County,point,,True,63268.0,44338.2144,66507.3216,110845.536,8784686.0808576,31624869.89108736,70277488.6468608,37.971080899999976,-122.0437382
12437277166,Prime Santa Clara,Prime,Santa Clara County,point,,True,63268.0,44338.2144,66507.3216,110845.536,8784686.0808576,31624869.89108736,70277488.6468608,37.3666621,-121.9628653
8897151054,San Jose Colocation Center,CoreSite,Santa Clara County,point,,True,63268.0,44338.2144,66507.3216,110845.536,8784686.0808576,31624869.89108736,70277488.6468608,37.3341181,-121.891646
8238715059,STACK Infrastructure,"Stack Infrastructure, Incorporated",Santa Clara County,point,,True,63268.0,44338.2144,66507.3216,110845.536,8784686.0808576,31624869.89108736,70277488.6468608,37.402744900000016,-121.891051
10780794741,,Ntirety,San Francisco County,point,,True,63268.0,44338.2144,66507.3216,110845.536,8784686.0808576,31624869.89108736,70277488.6468608,37.7796531,-122.3940005
5146323411,Open Computing Facility,,Alameda County,point,,True,63268.0,44338.2144,66507.3216,110845.536,8784686.0808576,31624869.89108736,70277488.6468608,37.86985210000005,-122.25982310000002
11924506303,IT,,Riverside County,point,,True,63268.0,44338.2144,66507.3216,110845.536,8784686.0808576,31624869.89108736,70277488.6468608,33.910289899999995,-117.5030207
12550746951,"Forescout Technologies, Inc.",,Santa Clara County,point,,True,63268.0,44338.2144,66507.3216,110845.536,8784686.0808576,31624869.89108736,70277488.6468608,37.322867500000015,-121.9474176
2607827436,SDSU Computer Room,,San Diego County,point,,True,63268.0,44338.2144,66507.3216,110845.536,8784686.0808576,31624869.89108736,70277488.6468608,32.77502519999998,-117.070888
13042311881,CoreSite - LA2,CoreSite,Los Angeles County,point,,True,63268.0,44338.2144,66507.3216,110845.536,8784686.0808576,31624869.89108736,70277488.6468608,34.0584789,-118.23591439999998
54173753,CoreSite SV6,CoreSite,Santa Clara County,building,61065.0,False,61065.0,42794.352,64191.528,106985.88,8478802.167408,30523687.802668802,67830417.339264,37.37630188023717,-121.9720837997304
1160688107,CoreSite SV7,CoreSite,Santa Clara County,building,60989.0,False,60989.0,42741.0912,64111.6368,106852.728,8468249.6583648,30485698.770113282,67745997.2669184,37.37607876788322,-121.97305665064762
54383197,CoreSite SV9,CoreSite,Santa Clara County,building,60403.0,False,60403.0,42330.4224,63495.6336,105826.056,8386884.259689601,30192783.334882565,67095074.07751681,37.37555851580601,-121.9696099700251
54173383,CoreSite SV3,CoreSite,Santa Clara County,building,57809.0,False,57809.0,40512.5472,60768.8208,101281.368,8026710.464188801,28896157.671079684,64213683.71351041,37.37514209318246,-121.9717093732258
224174031,SV Colo,SV Colo,Santa Clara County,building,57709.0,False,57709.0,40442.4672,60663.7008,101106.168,8012825.5838688,28846172.101927683,64102604.6709504,37.36431021578032,-121.9587992678193
209073641,Digital Realty Silicon Valley SJC10,Digital Realty,Santa Clara County,building,57051.0,False,57051.0,39981.3408,59972.0112,99953.352,7921463.071363201,28517267.056907523,63371704.57090561,37.37582290579368,-121.95333535904548
780063735,PG&E Datacenter,,Solano County,building,55270.0,False,55270.0,38733.216,58099.824,96833.04,7674173.352864001,27627024.070310403,61393386.82291201,38.24625878204932,-122.06720998673867
205846843,CoreSite SV4,CoreSite,Santa Clara County,building,51928.0,False,51928.0,36391.1424,54586.7136,90977.856,7210140.6525696,25956506.349250562,57681125.2205568,37.37626310504029,-121.97068417339612
209117217,Evocative Santa Clara SJC11,,Santa Clara County,building,51418.0,False,51418.0,36033.7344,54050.6016,90084.336,7139327.762937601,25701579.946575366,57114622.103500806,37.389539602058925,-121.9619460438575
54383196,CoreSite SV5,CoreSite,Santa Clara County,building,50856.0,False,50856.0,35639.8848,53459.8272,89099.712,7061294.735539201,25420661.047941122,56490357.884313606,37.37519609854625,-121.97068979280724
209073647,Digital Realty Silicon Valley SJC30,Digital Realty,Santa Clara County,building,48539.0,False,48539.0,34016.1312,51024.1968,85040.328,6739582.0585248,24262495.41068928,53916656.4681984,37.37828897395487,-121.95810528697965
224139416,Dell 350 Holger Way,,Santa Clara County,building,45282.0,False,45282.0,31733.6256,47600.4384,79334.064,6287351.5065024,22634465.423408642,50298812.0520192,37.418407037850685,-121.9430846177997
209076412,Digital Realty Silicon Valley SJC11,Digital Realty,Santa Clara County,building,44027.0,False,44027.0,30854.1216,46281.1824,77135.304,6113096.2584864,22007146.53055104,48904770.0678912,37.3763410080539,-121.94853104740696
428021816,One Wilshire,,Los Angeles County,building,43850.0,False,43850.0,30730.08,46095.12,76825.2,6088520.02032,21918672.073152002,48708160.16256,34.04789230531704,-118.25554585155656
460212563,,Centurylink,Los Angeles County,building,43140.0,False,43140.0,30232.512,45348.768,75581.28,5989937.3700480005,21563774.532172803,47919498.960384004,34.19986910792885,-118.34378887471212
209073653,Digital Realty Silicon Valley SJC16,Digital Realty,Santa Clara County,building,42504.0,False,42504.0,29786.8032,44680.2048,74467.008,5901629.5312128,21245866.312366083,47213036.2497024,37.374929097082685,-121.9559861698452
205823971,Equinix SV17,Equinix,Santa Clara County,building,42360.0,False,42360.0,29685.888,44528.832,74214.72,5881635.303552001,21173887.092787202,47053082.428416006,37.37652899594956,-121.98858391314208
54173755,CoreSite SV8,CoreSite,Santa Clara County,building,41609.0,False,41609.0,29159.5872,43739.3808,72898.968,5777359.8523488,20798495.46845568,46218878.8187904,37.37738265750685,-121.9718400510976
209073657,Digital Realty Silicon Valley SJC29,Digital Realty,Santa Clara County,building,40287.0,False,40287.0,28233.1296,42349.6944,70582.824,5593801.7345184,20137686.24426624,44750413.8761472,37.37502320043753,-121.95809620000126
460085343,365 Main Street Data Center,Digital Realty,San Francisco County,building,39318.0,False,39318.0,27554.0544,41331.0816,68885.136,5459257.2442176,19653326.07918336,43674057.9537408,37.78873103633594,-122.39046904827536
31803515,EdgeConneX San Diego,EdgeConneX,San Diego County,building,39204.0,False,39204.0,27474.1632,41211.2448,68685.408,5443428.4806528,19596342.53035008,43547427.8452224,32.842308661647536,-117.1693449894231
888253616,NTT Silicon Valley SV1 Data Center,NTT,Santa Clara County,building,38759.0,False,38759.0,27162.3072,40743.4608,67905.768,5381640.7632288,19373906.747623682,43053126.1058304,37.36905321130347,-121.95533775020122
205823968,Equinix SV15,Equinix,Santa Clara County,building,38211.0,False,38211.0,26778.2688,40167.4032,66945.672,5305551.6190752005,19099985.82867072,42444412.952601604,37.3754951498238,-121.98840629999836
492699069,TPx Colocation Datacenter,TPx Communications,Orange County,building,37065.0,False,37065.0,25975.152,38962.728,64937.88,5146430.890608001,18527151.2061888,41171447.124864005,33.70750645042811,-117.84410419953558
58708529,QTS Santa Clara 2,Quality Technology Services,Santa Clara County,building,36808.0,False,36808.0,25795.0464,38692.5696,64487.616,5110746.7481856,18398688.293468162,40885973.9854848,37.392721680154914,-121.97839685451906
192307107,360 Spear Street Data Center,Digital Realty,San Francisco County,building,34599.0,False,34599.0,24246.9792,36370.4688,60617.448,4804029.741916801,17294507.070900485,38432237.93533441,37.788991656058194,-122.390136684847
383728972,Hurricane Electric Fremont 1,Hurricane Electric,Alameda County,building,33640.0,False,33640.0,23574.912,35362.368,58937.28,4670873.739648,16815145.4627328,37366989.917184,37.48986462008944,-121.93101655253416
1344376231,Csquare SFO4,Csquare,Santa Clara County,building,32249.0,False,32249.0,22600.0992,33900.1488,56500.248,4477735.054396801,16119846.195828484,35821880.435174406,37.37575523104788,-121.95626909177358
54121151,QTS Santa Clara 1,Quality Technology Services,Santa Clara County,building,32173.0,False,32173.0,22546.8384,33820.2576,56367.096,4467182.5453536,16081857.163272958,35737460.3628288,37.39398377756207,-121.97830969442312
209073636,Prime Santa Clara,Prime,Santa Clara County,building,30065.0,False,30065.0,21069.552,31604.328,52673.88,4174489.2682080003,15028161.3655488,33395914.145664003,37.37501721660046,-121.95324973327962
933393863,Edgeconnex Data Center,EdgeConneX,Sacramento County,building,29318.0,False,29318.0,20546.0544,30819.0816,51365.136,4070769.2122176006,14654769.163983362,32566153.697740804,38.59229735741739,-121.27743720748433
209073658,Csquare SFO4,Csquare,Santa Clara County,building,27286.0,False,27286.0,19122.0288,28683.0432,47805.072,3788628.4441152,13639062.398814721,30309027.5529216,37.37577706129449,-121.9551929871648
1351049826,DataBank Santa Clara SFO1,DataBank,Santa Clara County,building,26781.0,False,26781.0,18768.1248,28152.1872,46920.312,3718509.7984992,13386635.274597121,29748078.3879936,37.40729868242747,-121.96595642250188
205823970,Equinix SV16,Equinix,Santa Clara County,building,26347.0,False,26347.0,18463.9776,27695.9664,46159.944,3658249.4179104003,13169697.904477442,29265995.343283202,37.37611802320719,-121.98868795324002
209073659,Prime SANTA CLARA DATA CENTER,Prime,Santa Clara County,building,25825.0,False,25825.0,18098.16,27147.24,45245.4,3585770.3426400004,12908773.233504001,28686162.741120003,37.37502630609213,-121.95488070140485
495115494,,,Los Angeles County,campus,25505.0,False,25505.0,17873.904,26810.856,44684.76,3541338.725616,12748819.412217602,28330709.804928,34.04791495021397,-118.2555689501841
209073635,Lumen Santa Clara,Lumen Technologies,Santa Clara County,building,25424.0,False,25424.0,17817.1392,26725.7088,44542.848,3530091.9725568,12708331.101204481,28240735.7804544,37.37700481451302,-121.952081932971
37947315,Layer42 Santa Clara,Layer42,Santa Clara County,building,25031.0,False,25031.0,17541.7248,26312.5872,43854.312,3475524.392899201,12511887.814437123,27804195.143193606,37.378039948434136,-121.95415110304296
209073649,Digital Realty Silicon Valley SJC15,Digital Realty,Santa Clara County,building,24615.0,False,24615.0,17250.192,25875.288,43125.48,3417763.2907680003,12303947.846764801,27342106.326144002,37.374996550088426,-121.95407689999966
209073645,Colovore,,Santa Clara County,building,24161.0,False,24161.0,16932.0288,25398.0432,42330.072,3354725.9341152003,12077013.36281472,26837807.472921602,37.37672946683328,-121.95314883048796
390287635,Equinix SV6,Equinix,Santa Clara County,building,21678.0,False,21678.0,15191.9424,22787.9136,37979.856,3009964.3557696003,10835871.680770561,24079714.846156802,37.39960173949957,-122.01456250837072
205823980,Equinix SV14,Equinix,Santa Clara County,building,20213.0,False,20213.0,14165.2704,21247.9056,35413.176,2806550.8590816,10103583.092693761,22452406.8726528,37.37496213850432,-121.98850932446408
209105766,,,Santa Clara County,building,18864.0,False,18864.0,13219.8912,19829.8368,33049.728,2619243.8235648004,9429277.76483328,20953950.588518403,37.37977911163557,-121.9499100438154
472954201,AT&T,,Los Angeles County,building,17388.0,False,17388.0,12185.5104,18278.2656,30463.776,2414302.9900416,8691490.76414976,19314423.9203328,34.57998399250564,-118.11402444850228
209077298,Lumen,Lumen Technologies,Santa Clara County,building,15840.0,False,15840.0,11100.672,16651.008,27751.68,2199365.0426880005,7917714.153676801,17594920.341504004,37.37758479573238,-121.95068207526988
930540164,,,San Diego County,campus,13597.0,False,13597.0,9528.7776,14293.1664,23821.944,1887927.1771104003,6796537.83759744,15103417.416883202,33.15360010009989,-117.23884634999423
132746406,Equinix SV8,Equinix,Santa Clara County,building,12034.0,False,12034.0,8433.4272,12650.1408,21083.568,1670906.4977088,6015263.39175168,13367251.9816704,37.44589521919974,-122.16078171336196
978632013,Northwest Data Center and Communications Hub,,Santa Clara County,building,10145.0,False,10145.0,7109.616,10664.424,17774.04,1408621.108464,5071035.9904704,11268968.867712,37.43343706484073,-122.18073854179175
1296163129,Modesto Junior College West Data Center,Yosemite Community College District,Stanislaus County,building,6017.0,False,6017.0,4216.7136,6325.0704,10541.784,835453.2488544,3007631.69587584,6683625.9908352,37.66514737401328,-121.04003747175076
358946546,QES Computers,,Alameda County,building,941.0,False,941.0,659.4528,989.1792,1648.632,130656.72381120002,470364.20572032005,1045253.7904896002,37.699475300043446,-121.90379949999844
