id,state,state_abb,state_id,county,county_id,operator,ref,name,sqft,lon,lat,type,sqft_est,energy_mwh_yr_mid,water_gal_yr_mid
205724881,Washington,WA,53,King County,33,,,Intergate Seattle East Building 2,107319.0,-122.29056964991396,47.49503090192437,building,107319.0,112813.7328,53644012.958234884
205724885,Washington,WA,53,King County,33,Sabey,,Intergate Seattle East Building 1,97862.0,-122.28819434180774,47.49485963017309,building,97862.0,102872.5344,48916877.68353025
221201212,Washington,WA,53,King County,33,Comcast,,,8025.0,-122.31731718771368,47.69332367380439,building,8025.0,8435.88,4011341.9244480003
223783259,Washington,WA,53,King County,33,,,CTI Biopharma,20600.0,-122.35669303335187,47.6177878057982,building,20600.0,21654.72,10297027.245312002
223928497,Washington,WA,53,King County,33,Digital Realty,SEA10,Westin Building,13117.0,-122.3388642251616,47.61435537680634,building,13117.0,13788.5904,6556607.10566784
231664575,Washington,WA,53,King County,33,H5 Data Centers,,The Seattle Times,48589.0,-122.33646162358502,47.61898482839781,building,48589.0,51076.7568,24287488.195265286
283051469,Washington,WA,53,Grant County,25,,,,151976.0,-119.81322935255956,47.24621227884292,building,151976.0,159757.1712,75966068.57444353
283051470,Washington,WA,53,Grant County,25,,,,133363.0,-119.81318678101924,47.24765247479226,building,133363.0,140191.1856,66662254.58818176
283051471,Washington,WA,53,Grant County,25,,,,135310.0,-119.81575602489733,47.24616793078344,building,135310.0,142237.872,67635473.61957121
283051472,Washington,WA,53,Grant County,25,Sabey Data Centers,,Intergate Quincy Data Center,4318512.0,-119.81593119578888,47.24532712863972,campus,4318512.0,4539619.8144,2158632802.0974183
283051474,Washington,WA,53,Grant County,25,Intuit,,H5 Data Center,2700606.0,-119.8187531190913,47.25141148987496,campus,2700606.0,2838877.0272,1349913279.6530612
283051475,Washington,WA,53,Grant County,25,,,,246778.0,-119.81966487505578,47.2525738060569,building,246778.0,259413.0336,123353387.84192257
283051477,Washington,WA,53,Grant County,25,Yahoo,,Yahoo Data Center,2171290.0,-119.82778184700376,47.24698453090597,campus,2171290.0,2282460.048,1085331664.440461
283051478,Washington,WA,53,Grant County,25,,,,151213.0,-119.82886591661293,47.24673555311077,building,151213.0,158955.1056,75584678.68181378
283051481,Washington,WA,53,Grant County,25,,,,35848.0,-119.8297911817926,47.2459914143102,building,35848.0,37683.4176,17918826.829608962
283051482,Washington,WA,53,Grant County,25,,,,35925.0,-119.8291703,47.24598939949083,building,35925.0,37764.36,17957315.717856
283051483,Washington,WA,53,Grant County,25,,,,33824.0,-119.82815880653992,47.24598937431324,building,33824.0,35555.7888,16907118.909972485
283051484,Washington,WA,53,Grant County,25,,,,33688.0,-119.82754149992972,47.24600329947973,building,33688.0,35412.8256,16839138.535925757
283051485,Washington,WA,53,Grant County,25,,,,19067.0,-119.82866158737184,47.24606673682079,building,19067.0,20043.2304,9530748.470211841
283051487,Washington,WA,53,Grant County,25,,,NTTData Data Center,3068566.0,-119.86463264336116,47.24435998530277,campus,3068566.0,3225676.5792,1533840179.9047604
293211683,Washington,WA,53,King County,33,Sabey,,Intergate Seattle East Building 5,200124.0,-122.28973615206532,47.49191977023952,building,200124.0,210370.3488,100033120.4097485
293211686,Washington,WA,53,King County,33,Sabey,,Intergate Seattle East Building 3,203387.0,-122.29030164481166,47.493556238112845,building,203387.0,213800.4144,101664149.53117825
293211687,Washington,WA,53,King County,33,Digital Realty,,Intergate Seattle East Building 4,116828.0,-122.28885825770004,47.49341087440766,building,116828.0,122809.5936,58397140.72889856
335468616,Washington,WA,53,Spokane County,63,,,TierPoint,14435.0,-117.09593477622664,47.671916867147694,building,14435.0,15174.072,7215416.907091201
337126739,Washington,WA,53,King County,33,Sabey,,Intergate Seattle West Building C,19791.0,-122.29440690516354,47.49413118771306,building,19791.0,20804.2992,9892643.990872324
337126741,Washington,WA,53,King County,33,Sabey,,Intergate Seattle West Building B,19140.0,-122.29368392327882,47.49307629033907,building,19140.0,20119.968,9567237.9356928
337126742,Washington,WA,53,King County,33,Sabey,,Intergate Seattle West Building A,38547.0,-122.293319807759,47.49214782871073,building,38547.0,40520.6064,19267937.34102144
337127817,Washington,WA,53,Grant County,25,,,Vantage WA11,147430.0,-119.81449029306091,47.25016454994511,building,147430.0,154978.416,73693724.60079361
337127824,Washington,WA,53,Grant County,25,NTT,,NTT Data Quincy,99760.0,-119.86571157127666,47.24358751309279,building,99760.0,104867.712,49865603.7860352
337127832,Washington,WA,53,Grant County,25,,,,44365.0,-119.85935927491568,47.23881859630125,building,44365.0,46636.488,22176097.754284803
337127833,Washington,WA,53,Grant County,25,,,,32106.0,-119.85936632665342,47.23826232566218,building,32106.0,33749.8272,16048366.831941124
359930465,Washington,WA,53,King County,33,Equinix,SE3,Equinix SE3 Data Center,12575.0,-122.33974344575807,47.61442272967249,building,12575.0,13218.84,6285685.320864
376627431,Washington,WA,53,Whatcom County,73,CSS Communications,,CSSNW Bellingham,4312.0,-122.480547528078,48.75726819331372,building,4312.0,4532.7744,2155377.7418342405
396296733,Washington,WA,53,Snohomish County,61,Centersquare,SE1,Centersquare Lynnwood SE1,104460.0,-122.3016903104198,47.84181079877673,building,104460.0,109808.352,52214925.5361792
410408067,Washington,WA,53,Grant County,25,,,,36918.0,-119.86448737759343,47.23763280547861,building,36918.0,38808.2016,18453672.419535365
410408073,Washington,WA,53,Grant County,25,Microsoft,,Microsoft,151246.0,-119.88299787007462,47.23947854795628,building,151246.0,158989.7952,75601173.91963392
410408074,Washington,WA,53,Grant County,25,Microsoft,,Microsoft,147922.0,-119.88308360926234,47.23857484529072,building,147922.0,155495.6064,73939653.60102144
410408079,Washington,WA,53,Grant County,25,,,,46835.0,-119.85940592515068,47.23948769629937,building,46835.0,49232.952,23410741.312339205
417682780,Washington,WA,53,King County,33,,,KOMO Plaza East,45743.0,-122.34815288067006,47.619324932166734,building,45743.0,48085.0416,22864898.89719936
417682781,Washington,WA,53,King County,33,,,KOMO Plaza West,20239.0,-122.34859631775392,47.61891975961567,building,20239.0,21275.2368,10116579.340673279
444683815,Washington,WA,53,Spokane County,63,Lumen Technologies,,Lumen,25399.0,-117.42000258764048,47.654225584825305,building,25399.0,26699.4288,12695834.708916482
460167186,Washington,WA,53,Douglas County,17,Sabey Data Centers,,Intergate Columbia B,192887.0,-120.1874901793035,47.40716362579416,building,192887.0,202762.8144,96415664.77021825
460167187,Washington,WA,53,Douglas County,17,Sabey Data Centers,,Intergate Columbia A,262378.0,-120.18929355566496,47.40871425585381,building,262378.0,275811.7536,131151136.62963459
460167190,Washington,WA,53,Douglas County,17,,,Intergate Columbia,2771098.0,-120.19173054919484,47.40758787947685,campus,2771098.0,2912978.2176,1385149107.059689
499403180,Washington,WA,53,Grant County,25,Microsoft,,Microsoft,143439.0,-119.8874068597649,47.23948680981334,building,143439.0,150783.0768,71698800.5359373
499403698,Washington,WA,53,Grant County,25,,,,44446.0,-119.86445275389522,47.23856068621164,building,44446.0,46721.6352,22216586.06529792
499403699,Washington,WA,53,Grant County,25,,,,138534.0,-119.82542905367347,47.24760077002591,building,138534.0,145626.9408,69247008.3690317
589360530,Washington,WA,53,Snohomish County,61,,,Digital Fortress Lynnwood,24944.0,-122.28956096659816,47.82242518543509,building,24944.0,26221.1328,12468400.36927488
634635617,Washington,WA,53,Pierce County,53,,,Centeris SH2 Build-to-Suit,93539.0,-122.27986153681454,47.15884380411734,building,93539.0,98328.1968,46756001.529089294
634638463,Washington,WA,53,Pierce County,53,,,Centeris SH1 Colocation,115786.0,-122.27930643656472,47.16085522590024,building,115786.0,121714.2432,57876291.09833473
640148472,Washington,WA,53,Grant County,25,CyrusOne,,CyrusOne Quincy,1779563.0,-119.86960399091237,47.243696120678365,campus,1779563.0,1870676.6256,889524693.9684058
694493125,Washington,WA,53,Grant County,25,Microsoft,,Microsoft,112036.0,-119.88757256028282,47.23765678799786,building,112036.0,117772.2432,56001832.25513473
694493126,Washington,WA,53,Grant County,25,Microsoft,,Microsoft,116001.0,-119.88319809847748,47.23762824027307,building,116001.0,121940.2512,57983760.07201152
694493127,Washington,WA,53,Grant County,25,Microsoft,,Microsoft,157191.0,-119.88329009579328,47.23672160801631,building,157191.0,165239.1792,78572816.00572035
694493128,Washington,WA,53,Grant County,25,Microsoft,,Microsoft,162608.0,-119.88747588150468,47.236737102694434,building,162608.0,170933.5296,81280534.28668417
694602725,Washington,WA,53,Grant County,25,,,Vantage WA12,124695.0,-119.81372107907391,47.25394644110428,building,124695.0,131079.384,62329505.4540864
700001774,Washington,WA,53,Grant County,25,Microsoft,,Microsoft MWH Data Center,8381014.0,-119.88771018102906,47.23776925865819,campus,8381014.0,8810121.9168,4189297548.6088014
807374322,Washington,WA,53,Grant County,25,,,,216848.0,-119.8951561143571,47.23709780537748,building,216848.0,227950.6176,108392706.99472897
813688319,Washington,WA,53,Douglas County,17,,,,102013.0,-120.2139654565477,47.40724312100206,building,102013.0,107236.0656,50991778.65902977
813688320,Washington,WA,53,Douglas County,17,Actapio,,Actapio,362519.0,-120.21413428085418,47.40741705535317,campus,362519.0,381079.9728,181207185.43413892
814061068,Washington,WA,53,Douglas County,17,,,,13946.0,-120.21746237329,47.39214942683649,building,13946.0,14660.0352,6970987.473937921
814061069,Washington,WA,53,Douglas County,17,,,,4004.0,-120.21787734999982,47.39179410004563,building,4004.0,4209.0048,2001422.18884608
814061070,Washington,WA,53,Douglas County,17,,,,4003.0,-120.2175143749647,47.391756904098365,building,4003.0,4207.9536,2000922.33315456
814061071,Washington,WA,53,Douglas County,17,,,,7706.0,-120.2169013334627,47.39175897510766,building,7706.0,8100.5472,3851887.9588531204
842544718,Washington,WA,53,Snohomish County,61,Unity Cable System,,Norma Beach Cable Landing Station,2369.0,-122.28415777716296,47.86469753279464,building,2369.0,2490.2928,1184158.1332108804
876020641,Washington,WA,53,Spokane County,63,,,Iron Mountain,14085.0,-117.53714762552474,47.59461614024328,building,14085.0,14806.152,7040467.4150592005
943987942,Washington,WA,53,Thurston County,67,,,Wave Broadband Tahoma Terra Facility,9139.0,-122.62504386293934,46.94142447057516,campus,9139.0,9606.9168,4568181.164801281
1071772119,Washington,WA,53,Douglas County,17,Microsoft,,Microsoft EAT02,246129.0,-120.20768784943974,47.416868024109554,building,246129.0,258730.8048,123028981.4981261
1071774674,Washington,WA,53,Douglas County,17,Sabey Data Centers,,Intergate Columbia D,135020.0,-120.19160109219082,47.40758548151772,building,135020.0,141933.024,67490515.46903041
1173537116,Washington,WA,53,Douglas County,17,Microsoft,,Microsoft EAT03,235418.0,-120.20770997491816,47.41832392189266,building,235418.0,247471.4016,117675027.18625538
1173537117,Washington,WA,53,Douglas County,17,Microsoft,,Microsoft EAT04,234834.0,-120.21382073657306,47.419636588714944,building,234834.0,246857.5008,117383111.46240771
1173822721,Washington,WA,53,Chelan County,7,,,EAT14,241836.0,-120.16009077106148,47.35949692084332,building,241836.0,254218.0032,120883101.01443075
1173822722,Washington,WA,53,Chelan County,7,,,EAT13,232237.0,-120.15997586326914,47.35842571835008,building,232237.0,244127.5344,116084986.23153025
1173822723,Washington,WA,53,Chelan County,7,,,EAT12,248918.0,-120.15954624801124,47.3574330116489,building,248918.0,261662.6016,124423079.02177536
1193914601,Washington,WA,53,Grant County,25,,,,280235.0,-119.81798352548935,47.24481075189648,building,280235.0,294583.032,140077059.71310723
1193914602,Washington,WA,53,Grant County,25,,,,147278.0,-119.81481251567008,47.24427568966153,building,147278.0,154818.6336,73617746.53568257
1343760339,Washington,WA,53,Grant County,25,,,Vantage WA13,252025.0,-119.81362252658953,47.25252755404145,building,252025.0,264928.68,125976130.655328
1343761104,Washington,WA,53,Grant County,25,,,,119147.0,-119.86905124992496,47.24364491383648,building,119147.0,125247.3264,59556306.077533446
1429883881,Washington,WA,53,Grant County,25,Microsoft,,Microsoft,143441.0,-119.88741175976487,47.23859240981344,building,143441.0,150785.1792,71699800.24732034
1470108469,Washington,WA,53,Grant County,25,,,,504350.0,-119.86320668797936,47.24017868896512,building,504350.0,530172.72,252102218.018112
680666647,Washington,WA,53,Pierce County,53,,,Centeris,1848925.0,-122.2796841184508,47.15959194833818,campus,1848925.0,1943589.96,924195684.443616
13527396782,Washington,WA,53,Snohomish County,61,,,,,-122.19153160000002,47.95874409999997,point,116828.0,122809.5936,58397140.72889856
